Include File Name, Path(s) where found
AEPDsEsmData.hpp,C:\Users\brinson\Documents\Visual Studio 2013\msn\main71\code\shared\sglmsn\icd211mcs\
AEPLogEvent.hpp,C:\Users\brinson\Documents\Visual Studio 2013\msn\main71\code\shared\sglmsn\icd211mcs\
AFSite.hpp,C:\Users\brinson\Documents\Visual Studio 2013\msn\main71\code\shared\sglmsn\icd211\
AlmData.hpp,C:\Users\brinson\Documents\Visual Studio 2013\msn\main71\code\shared\sglmsn\datatree\
AlmOrbit.hpp,C:\Users\brinson\Documents\Visual Studio 2013\msn\main71\code\shared\gpstk\
ArchTypeCvt.hpp,C:\Users\brinson\Documents\Visual Studio 2013\msn\main71\code\shared\sglmsn\msnarch\
ArchUtils.hpp,C:\Users\brinson\Documents\Visual Studio 2013\msn\main71\code\shared\sglmsn\msnarch\
ArchiveWriterStatusChunk.hpp,C:\Users\brinson\Documents\Visual Studio 2013\msn\main71\code\shared\sglmsn\uitree\
BCEphemerisStore.hpp,C:\Users\brinson\Documents\Visual Studio 2013\msn\main71\code\shared\gpstk\
Base211.hpp,C:\Users\brinson\Documents\Visual Studio 2013\msn\main71\code\shared\sglmsn\icd211\
BaseMCS.hpp,C:\Users\brinson\Documents\Visual Studio 2013\msn\main71\code\shared\sglmsn\icd211mcs\
BasicFramework.hpp,C:\Users\brinson\Documents\Visual Studio 2013\msn\main71\code\shared\gpstk\
BasicUndertaker.hpp,C:\Users\brinson\Documents\Visual Studio 2013\msn\main71\code\shared\sglmsn\mqmsn\
BinUtils.hpp,C:\Users\brinson\Documents\Visual Studio 2013\msn\main71\code\shared\gpstk\
ChannelData.hpp,C:\Users\brinson\Documents\Visual Studio 2013\msn\main71\code\shared\sglmsn\datatree\
CivilTime.hpp,C:\Users\brinson\Documents\Visual Studio 2013\msn\main71\code\shared\gpstk\
Clock211.hpp,C:\Users\brinson\Documents\Visual Studio 2013\msn\main71\code\shared\sglmsn\icd211\
ClockData.hpp,C:\Users\brinson\Documents\Visual Studio 2013\msn\main71\code\shared\sglmsn\datatree\
ClockIOData.hpp,C:\Users\brinson\Documents\Visual Studio 2013\msn\main71\code\shared\sglmsn\msnio\
ClockModel.hpp,C:\Users\brinson\Documents\Visual Studio 2013\msn\main71\code\shared\gpstk\
CodeCarrier.hpp,C:\Users\brinson\Documents\Visual Studio 2013\msn\main71\code\shared\msnetk\
CommandOption.hpp,C:\Users\brinson\Documents\Visual Studio 2013\msn\main71\code\shared\gpstk\
CommandOptionParser.hpp,C:\Users\brinson\Documents\Visual Studio 2013\msn\main71\code\shared\gpstk\
CommonTime.hpp,C:\Users\brinson\Documents\Visual Studio 2013\msn\main71\code\shared\gpstk\
Data.hpp,C:\Users\brinson\Documents\Visual Studio 2013\msn\main71\code\shared\sglmsn\datatree\
Deserializer.hpp,C:\Users\brinson\Documents\Visual Studio 2013\msn\main71\code\shared\sglmsn\datatree\
ECEF.hpp,C:\Users\brinson\Documents\Visual Studio 2013\msn\main71\code\shared\gpstk\
EngAlmanac.hpp,C:\Users\brinson\Documents\Visual Studio 2013\msn\main71\code\shared\gpstk\
EngEphData.hpp,C:\Users\brinson\Documents\Visual Studio 2013\msn\main71\code\shared\sglmsn\datatree\
EngEphemeris.hpp,C:\Users\brinson\Documents\Visual Studio 2013\msn\main71\code\shared\gpstk\
EngNav.hpp,C:\Users\brinson\Documents\Visual Studio 2013\msn\main71\code\shared\gpstk\
EphData.hpp,C:\Users\brinson\Documents\Visual Studio 2013\msn\main71\code\shared\sglmsn\datatree\
EphemerisStore.hpp,C:\Users\brinson\Documents\Visual Studio 2013\msn\main71\code\shared\gpstk\
EpochData.hpp,C:\Users\brinson\Documents\Visual Studio 2013\msn\main71\code\shared\sglmsn\datatree\
Exception.hpp,C:\Users\brinson\Documents\Visual Studio 2013\msn\main71\code\shared\gpstk\
FFData.hpp,C:\Users\brinson\Documents\Visual Studio 2013\msn\main71\code\shared\gpstk\
FFStream.hpp,C:\Users\brinson\Documents\Visual Studio 2013\msn\main71\code\shared\gpstk\
FFStreamError.hpp,C:\Users\brinson\Documents\Visual Studio 2013\msn\main71\code\shared\gpstk\
FFTextStream.hpp,C:\Users\brinson\Documents\Visual Studio 2013\msn\main71\code\shared\gpstk\
FICBase.hpp,C:\Users\brinson\Documents\Visual Studio 2013\msn\main71\code\shared\gpstk\
FICData.hpp,C:\Users\brinson\Documents\Visual Studio 2013\msn\main71\code\shared\gpstk\
FileSpec.hpp,C:\Users\brinson\Documents\Visual Studio 2013\msn\main71\code\shared\gpstk\
FileStore.hpp,C:\Users\brinson\Documents\Visual Studio 2013\msn\main71\code\shared\gpstk\
FormMSN.hpp,C:\Users\brinson\Documents\Visual Studio 2013\msn\main71\code\shared\sglmsn\uitree\
GPSGeoid.hpp,C:\Users\brinson\Documents\Visual Studio 2013\msn\main71\code\shared\gpstk\
GPSWeek.hpp,C:\Users\brinson\Documents\Visual Studio 2013\msn\main71\code\shared\gpstk\
GPSWeekSecond.hpp,C:\Users\brinson\Documents\Visual Studio 2013\msn\main71\code\shared\gpstk\
GPSWeekZcount.hpp,C:\Users\brinson\Documents\Visual Studio 2013\msn\main71\code\shared\gpstk\
Geodetic.hpp,C:\Users\brinson\Documents\Visual Studio 2013\msn\main71\code\shared\gpstk\
GeoidModel.hpp,C:\Users\brinson\Documents\Visual Studio 2013\msn\main71\code\shared\gpstk\
H5GNSSAntennaType.h,C:\Users\brinson\Documents\Visual Studio 2013\msn\main71\code\shared\hdf-gnss\
H5GNSSCesiumStatusType.h,C:\Users\brinson\Documents\Visual Studio 2013\msn\main71\code\shared\hdf-gnss\
H5GNSSClockOffsetType.h,C:\Users\brinson\Documents\Visual Studio 2013\msn\main71\code\shared\hdf-gnss\
H5GNSSClockType.h,C:\Users\brinson\Documents\Visual Studio 2013\msn\main71\code\shared\hdf-gnss\
H5GNSSCommentType.h,C:\Users\brinson\Documents\Visual Studio 2013\msn\main71\code\shared\hdf-gnss\
H5GNSSEphemerisType.h,C:\Users\brinson\Documents\Visual Studio 2013\msn\main71\code\shared\hdf-gnss\
H5GNSSEventTextType.h,C:\Users\brinson\Documents\Visual Studio 2013\msn\main71\code\shared\hdf-gnss\
H5GNSSEventType.h,C:\Users\brinson\Documents\Visual Studio 2013\msn\main71\code\shared\hdf-gnss\
H5GNSSIttRxConfigType.h,C:\Users\brinson\Documents\Visual Studio 2013\msn\main71\code\shared\hdf-gnss\
H5GNSSNMCTType.h,C:\Users\brinson\Documents\Visual Studio 2013\msn\main71\code\shared\hdf-gnss\
H5GNSSNavigationBitsType.h,C:\Users\brinson\Documents\Visual Studio 2013\msn\main71\code\shared\hdf-gnss\
H5GNSSPVTType.h,C:\Users\brinson\Documents\Visual Studio 2013\msn\main71\code\shared\hdf-gnss\
H5GNSSRawObsType.h,C:\Users\brinson\Documents\Visual Studio 2013\msn\main71\code\shared\hdf-gnss\
H5GNSSReceiverType.h,C:\Users\brinson\Documents\Visual Studio 2013\msn\main71\code\shared\hdf-gnss\
H5GNSSRxDiagType.h,C:\Users\brinson\Documents\Visual Studio 2013\msn\main71\code\shared\hdf-gnss\
H5GNSSSatelliteType.h,C:\Users\brinson\Documents\Visual Studio 2013\msn\main71\code\shared\hdf-gnss\
H5GNSSSmoothedObsType.h,C:\Users\brinson\Documents\Visual Studio 2013\msn\main71\code\shared\hdf-gnss\
H5GNSSSmootherConfigType.h,C:\Users\brinson\Documents\Visual Studio 2013\msn\main71\code\shared\hdf-gnss\
H5GNSSStationType.h,C:\Users\brinson\Documents\Visual Studio 2013\msn\main71\code\shared\hdf-gnss\
H5GNSSTimeType.h,C:\Users\brinson\Documents\Visual Studio 2013\msn\main71\code\shared\hdf-gnss\
H5GNSSTranslateType.h,C:\Users\brinson\Documents\Visual Studio 2013\msn\main71\code\shared\hdf-gnss\
H5GNSSWeatherMeasType.h,C:\Users\brinson\Documents\Visual Studio 2013\msn\main71\code\shared\hdf-gnss\
H5GNSSWeatherProbeType.h,C:\Users\brinson\Documents\Visual Studio 2013\msn\main71\code\shared\hdf-gnss\
H5GNSScommontypes.h,C:\Users\brinson\Documents\Visual Studio 2013\msn\main71\code\shared\hdf-gnss\
H5GNSSfuncs.h,C:\Users\brinson\Documents\Visual Studio 2013\msn\main71\code\shared\hdf-gnss\
HGConfigMgmt.hpp,C:\Users\brinson\Documents\Visual Studio 2013\msn\main71\code\shared\hgnsspp\
HGCorId.hpp,C:\Users\brinson\Documents\Visual Studio 2013\msn\main71\code\shared\hgnsspp\
HGDimensionScale.hpp,C:\Users\brinson\Documents\Visual Studio 2013\msn\main71\code\shared\hgnsspp\
HGHardwareDB.hpp,C:\Users\brinson\Documents\Visual Studio 2013\msn\main71\code\shared\hgnsspp\
HGSatelliteDB.hpp,C:\Users\brinson\Documents\Visual Studio 2013\msn\main71\code\shared\hgnsspp\
HGStationDB.hpp,C:\Users\brinson\Documents\Visual Studio 2013\msn\main71\code\shared\hgnsspp\
HGTimeClass.hpp,C:\Users\brinson\Documents\Visual Studio 2013\msn\main71\code\shared\hgnsspp\
HGTypeCvt.hpp,C:\Users\brinson\Documents\Visual Studio 2013\msn\main71\code\shared\hgnsspp\
HGWriteBase.hpp,C:\Users\brinson\Documents\Visual Studio 2013\msn\main71\code\shared\hgnsspp\
HGWriteTemplate.hpp,C:\Users\brinson\Documents\Visual Studio 2013\msn\main71\code\shared\hgnsspp\
HGutils.hpp,C:\Users\brinson\Documents\Visual Studio 2013\msn\main71\code\shared\hgnsspp\
HRTimer.hpp,C:\Users\brinson\Documents\Visual Studio 2013\msn\main71\code\shared\sglstd\
IFF.hpp,C:\Users\brinson\Documents\Visual Studio 2013\msn\main71\code\shared\sglmsn\uitree\
IFFChunk.hpp,C:\Users\brinson\Documents\Visual Studio 2013\msn\main71\code\shared\sglmsn\uitree\
IFFForm.hpp,C:\Users\brinson\Documents\Visual Studio 2013\msn\main71\code\shared\sglmsn\uitree\
IMJD.hpp,C:\Users\brinson\Documents\Visual Studio 2013\msn\main71\code\shared\msnetk\
IPCQueue.hpp,C:\Users\brinson\Documents\Visual Studio 2013\msn\main71\code\shared\sglstd\
ITTConfigData.hpp,C:\Users\brinson\Documents\Visual Studio 2013\msn\main71\code\shared\sglmsn\datatree\
ITTStatusData.hpp,C:\Users\brinson\Documents\Visual Studio 2013\msn\main71\code\shared\sglmsn\datatree\
InetAddress.hpp,C:\Users\brinson\Documents\Visual Studio 2013\msn\main71\code\shared\sglstd\
IonoModel.hpp,C:\Users\brinson\Documents\Visual Studio 2013\msn\main71\code\shared\gpstk\
IonoModelStore.hpp,C:\Users\brinson\Documents\Visual Studio 2013\msn\main71\code\shared\gpstk\
Latency211Data.hpp,C:\Users\brinson\Documents\Visual Studio 2013\msn\main71\code\shared\sglmsn\icd211\
LatencyPacket.hpp,C:\Users\brinson\Documents\Visual Studio 2013\msn\main71\code\shared\sglmsn\icd211\
Logger.hpp,C:\Users\brinson\Documents\Visual Studio 2013\msn\main71\code\shared\sglstd\
MCSLBand.hpp,C:\Users\brinson\Documents\Visual Studio 2013\msn\main71\code\shared\sglmsn\icd211mcs\
MCSLBandRx.hpp,C:\Users\brinson\Documents\Visual Studio 2013\msn\main71\code\shared\sglmsn\icd211mcs\
MCSocket.hpp,C:\Users\brinson\Documents\Visual Studio 2013\msn\main71\code\shared\sglstd\
MDPException.hpp,C:\Users\brinson\Documents\Visual Studio 2013\msn\main71\code\gpsrx\reference\
MDPHeader.hpp,C:\Users\brinson\Documents\Visual Studio 2013\msn\main71\code\shared\sglmsn\gpsrx\
MDPStnObservation.hpp,C:\Users\brinson\Documents\Visual Studio 2013\msn\main71\code\shared\sglmsn\gpsrx\
MDPStnObservationEpoch.hpp,C:\Users\brinson\Documents\Visual Studio 2013\msn\main71\code\shared\sglmsn\gpsrx\
MJD.hpp,C:\Users\brinson\Documents\Visual Studio 2013\msn\main71\code\shared\gpstk\
MSData.hpp,C:\Users\brinson\Documents\Visual Studio 2013\msn\main71\code\shared\sglmsn\datatree\
MSNArchive.hpp,C:\Users\brinson\Documents\Visual Studio 2013\msn\main71\code\shared\sglmsn\msnarch\
MSNBasicFramework.hpp,C:\Users\brinson\Documents\Visual Studio 2013\msn\main71\code\shared\sglmsn\appframe\
MSNEvent.hpp,C:\Users\brinson\Documents\Visual Studio 2013\msn\main71\code\shared\sglmsn\datatree\
MSNH5Utils.hpp,C:\Users\brinson\Documents\Visual Studio 2013\msn\main71\code\shared\sglmsn\msnh5\
MSNLoopedFramework.hpp,C:\Users\brinson\Documents\Visual Studio 2013\msn\main71\code\shared\sglmsn\appframe\
MathBase.hpp,C:\Users\brinson\Documents\Visual Studio 2013\msn\main71\code\shared\gpstk\
McastRx.hpp,C:\Users\brinson\Documents\Visual Studio 2013\msn\main71\code\shared\sglstd\
MeasurementData.hpp,C:\Users\brinson\Documents\Visual Studio 2013\msn\main71\code\gpsrx\reference\
MessagingFramework.hpp,C:\Users\brinson\Documents\Visual Studio 2013\msn\main71\code\shared\sglmsn\mqmsn\
MiscMath.hpp,C:\Users\brinson\Documents\Visual Studio 2013\msn\main71\code\shared\gpstk\
MmqConnected.hpp,C:\Users\brinson\Documents\Visual Studio 2013\msn\main71\code\shared\sglmsn\mqmsn\
MmqError.hpp,C:\Users\brinson\Documents\Visual Studio 2013\msn\main71\code\shared\sglmsn\mqmsn\
MmqGetMessageOptions.hpp,C:\Users\brinson\Documents\Visual Studio 2013\msn\main71\code\shared\sglmsn\mqmsn\
MmqMessage.hpp,C:\Users\brinson\Documents\Visual Studio 2013\msn\main71\code\shared\sglmsn\mqmsn\
MmqObject.hpp,C:\Users\brinson\Documents\Visual Studio 2013\msn\main71\code\shared\sglmsn\mqmsn\
MmqPublisher.hpp,C:\Users\brinson\Documents\Visual Studio 2013\msn\main71\code\shared\sglmsn\mqmsn\
MmqPutMessageOptions.hpp,C:\Users\brinson\Documents\Visual Studio 2013\msn\main71\code\shared\sglmsn\mqmsn\
MmqQueue.hpp,C:\Users\brinson\Documents\Visual Studio 2013\msn\main71\code\shared\sglmsn\mqmsn\
MmqQueueManager.hpp,C:\Users\brinson\Documents\Visual Studio 2013\msn\main71\code\shared\sglmsn\mqmsn\
MmqSubscription.hpp,C:\Users\brinson\Documents\Visual Studio 2013\msn\main71\code\shared\sglmsn\mqmsn\
MmqTopic.hpp,C:\Users\brinson\Documents\Visual Studio 2013\msn\main71\code\shared\sglmsn\mqmsn\
NMCTData.hpp,C:\Users\brinson\Documents\Visual Studio 2013\msn\main71\code\shared\sglmsn\datatree\
Nav211.hpp,C:\Users\brinson\Documents\Visual Studio 2013\msn\main71\code\shared\sglmsn\icd211\
NavData.hpp,C:\Users\brinson\Documents\Visual Studio 2013\msn\main71\code\shared\sglmsn\datatree\
NavSF.hpp,C:\Users\brinson\Documents\Visual Studio 2013\msn\main71\code\shared\sglmsn\datatree\
NavSFEpoch.hpp,C:\Users\brinson\Documents\Visual Studio 2013\msn\main71\code\shared\sglmsn\datatree\
NavSubframe.hpp,C:\Users\brinson\Documents\Visual Studio 2013\msn\main71\code\gpsrx\reference\
,C:\Users\brinson\Documents\Visual Studio 2013\msn\main71\code\shared\sglmsn\gpsrx\
ORDEpoch.hpp,C:\Users\brinson\Documents\Visual Studio 2013\msn\main71\code\shared\gpstk\
Obs211.hpp,C:\Users\brinson\Documents\Visual Studio 2013\msn\main71\code\shared\sglmsn\icd211\
ObsClockModel.hpp,C:\Users\brinson\Documents\Visual Studio 2013\msn\main71\code\shared\gpstk\
ObsData.hpp,C:\Users\brinson\Documents\Visual Studio 2013\msn\main71\code\shared\sglmsn\datatree\
ObsRngDev.hpp,C:\Users\brinson\Documents\Visual Studio 2013\msn\main71\code\shared\gpstk\
Observation.hpp,C:\Users\brinson\Documents\Visual Studio 2013\msn\main71\code\shared\sglmsn\gpsrx\
ObservationEpoch.hpp,C:\Users\brinson\Documents\Visual Studio 2013\msn\main71\code\gpsrx\reference\
,C:\Users\brinson\Documents\Visual Studio 2013\msn\main71\code\shared\sglmsn\gpsrx\
ObservationStore.hpp,C:\Users\brinson\Documents\Visual Studio 2013\msn\main71\code\shared\gpstk\
PDSArchive.hpp,C:\Users\brinson\Documents\Visual Studio 2013\msn\main71\code\shared\pds\archive\
PDSMetadata.hpp,C:\Users\brinson\Documents\Visual Studio 2013\msn\main71\code\shared\pds\archive\
PVTData.hpp,C:\Users\brinson\Documents\Visual Studio 2013\msn\main71\code\shared\sglmsn\datatree\
PVTSolution.hpp,C:\Users\brinson\Documents\Visual Studio 2013\msn\main71\code\gpsrx\reference\
,C:\Users\brinson\Documents\Visual Studio 2013\msn\main71\code\shared\sglmsn\gpsrx\
Padme.hpp,C:\Users\brinson\Documents\Visual Studio 2013\msn\main71\code\shared\pds\padme\
Position.hpp,C:\Users\brinson\Documents\Visual Studio 2013\msn\main71\code\shared\gpstk\
PubSubConsts.hpp,C:\Users\brinson\Documents\Visual Studio 2013\msn\main71\code\shared\sglmsn\mqmsn\
RATQuery.hpp,C:\Users\brinson\Documents\Visual Studio 2013\msn\main71\code\shared\sglmsn\msnmisc\
RawNav211.hpp,C:\Users\brinson\Documents\Visual Studio 2013\msn\main71\code\shared\sglmsn\icd211\
ReceiverCallback.hpp,C:\Users\brinson\Documents\Visual Studio 2013\msn\main71\code\shared\sglmsn\gpsrx\
ReceiverData.hpp,C:\Users\brinson\Documents\Visual Studio 2013\msn\main71\code\shared\sglmsn\gpsrx\
ReceiverInterface.hpp,C:\Users\brinson\Documents\Visual Studio 2013\msn\main71\code\shared\sglmsn\gpsrx\
ReceiverTransport.hpp,C:\Users\brinson\Documents\Visual Studio 2013\msn\main71\code\shared\sglmsn\gpsrx\
RinexMetBase.hpp,C:\Users\brinson\Documents\Visual Studio 2013\msn\main71\code\shared\gpstk\
RinexMetData.hpp,C:\Users\brinson\Documents\Visual Studio 2013\msn\main71\code\shared\gpstk\
RinexMetHeader.hpp,C:\Users\brinson\Documents\Visual Studio 2013\msn\main71\code\shared\gpstk\
RinexObsBase.hpp,C:\Users\brinson\Documents\Visual Studio 2013\msn\main71\code\shared\gpstk\
RinexObsData.hpp,C:\Users\brinson\Documents\Visual Studio 2013\msn\main71\code\shared\gpstk\
RinexObsHeader.hpp,C:\Users\brinson\Documents\Visual Studio 2013\msn\main71\code\shared\gpstk\
Rx211.hpp,C:\Users\brinson\Documents\Visual Studio 2013\msn\main71\code\shared\sglmsn\icd211\
RxClockOffsetData.hpp,C:\Users\brinson\Documents\Visual Studio 2013\msn\main71\code\shared\sglmsn\datatree\
RxClockOffsetIOBase.hpp,C:\Users\brinson\Documents\Visual Studio 2013\msn\main71\code\shared\sglmsn\msnio\
RxClockOffsetIOData.hpp,C:\Users\brinson\Documents\Visual Studio 2013\msn\main71\code\shared\sglmsn\msnio\
RxClockOffsetIOHeader.hpp,C:\Users\brinson\Documents\Visual Studio 2013\msn\main71\code\shared\sglmsn\msnio\
RxData.hpp,C:\Users\brinson\Documents\Visual Studio 2013\msn\main71\code\shared\sglmsn\datatree\
RxTrackingData.hpp,C:\Users\brinson\Documents\Visual Studio 2013\msn\main71\code\shared\sglmsn\datatree\
SA.hpp,C:\Users\brinson\Documents\Visual Studio 2013\msn\main71\code\shared\sglmsn\datatree\
SMODFData.hpp,C:\Users\brinson\Documents\Visual Studio 2013\msn\main71\code\shared\sglmsn\icd211\
SP3Base.hpp,C:\Users\brinson\Documents\Visual Studio 2013\msn\main71\code\shared\gpstk\
SP3Data.hpp,C:\Users\brinson\Documents\Visual Studio 2013\msn\main71\code\shared\gpstk\
SP3EphemerisStore.hpp,C:\Users\brinson\Documents\Visual Studio 2013\msn\main71\code\shared\gpstk\
SP3Header.hpp,C:\Users\brinson\Documents\Visual Studio 2013\msn\main71\code\shared\gpstk\
SP3SatID.hpp,C:\Users\brinson\Documents\Visual Studio 2013\msn\main71\code\shared\gpstk\
SP3Stream.hpp,C:\Users\brinson\Documents\Visual Studio 2013\msn\main71\code\shared\gpstk\
SatID.hpp,C:\Users\brinson\Documents\Visual Studio 2013\msn\main71\code\shared\gpstk\
SatKey.hpp,C:\Users\brinson\Documents\Visual Studio 2013\msn\main71\code\shared\msnetk\
Schlong.hpp,C:\Users\brinson\Documents\Visual Studio 2013\msn\main71\code\shared\sglmsn\icd211\
SelfTest.hpp,C:\Users\brinson\Documents\Visual Studio 2013\msn\main71\code\shared\sglmsn\gpsrx\
Serializable.hpp,C:\Users\brinson\Documents\Visual Studio 2013\msn\main71\code\shared\msnetk\
Serializer.hpp,C:\Users\brinson\Documents\Visual Studio 2013\msn\main71\code\shared\pds\rtx\
,C:\Users\brinson\Documents\Visual Studio 2013\msn\main71\code\shared\sglmsn\datatree\
Slog.hpp,C:\Users\brinson\Documents\Visual Studio 2013\msn\main71\code\shared\sglstd\
SmoData.hpp,C:\Users\brinson\Documents\Visual Studio 2013\msn\main71\code\shared\sglmsn\datatree\
SmoEpochData.hpp,C:\Users\brinson\Documents\Visual Studio 2013\msn\main71\code\shared\sglmsn\datatree\
Smooth211.hpp,C:\Users\brinson\Documents\Visual Studio 2013\msn\main71\code\shared\sglmsn\icd211\
SmootherConfig.hpp,C:\Users\brinson\Documents\Visual Studio 2013\msn\main71\code\shared\sglmsn\datatree\
Socket.hpp,C:\Users\brinson\Documents\Visual Studio 2013\msn\main71\code\shared\sglstd\
Socket211.hpp,C:\Users\brinson\Documents\Visual Studio 2013\msn\main71\code\shared\sglmsn\icd211\
Stats.hpp,C:\Users\brinson\Documents\Visual Studio 2013\msn\main71\code\shared\gpstk\
StringUtils.hpp,C:\Users\brinson\Documents\Visual Studio 2013\msn\main71\code\shared\gpstk\
SystemTime.hpp,C:\Users\brinson\Documents\Visual Studio 2013\msn\main71\code\shared\gpstk\
TPData.hpp,C:\Users\brinson\Documents\Visual Studio 2013\msn\main71\code\shared\sglmsn\msnio\
TabularEphemerisStore.hpp,C:\Users\brinson\Documents\Visual Studio 2013\msn\main71\code\shared\gpstk\
Thread.hpp,C:\Users\brinson\Documents\Visual Studio 2013\msn\main71\code\shared\sglstd\
Throttle.hpp,C:\Users\brinson\Documents\Visual Studio 2013\msn\main71\code\shared\sglstd\
TimeConstants.hpp,C:\Users\brinson\Documents\Visual Studio 2013\msn\main71\code\shared\gpstk\
TimeFrame.hpp,C:\Users\brinson\Documents\Visual Studio 2013\msn\main71\code\shared\msnetk\
TimeSystem.hpp,C:\Users\brinson\Documents\Visual Studio 2013\msn\main71\code\shared\gpstk\
TimeTag.hpp,C:\Users\brinson\Documents\Visual Studio 2013\msn\main71\code\shared\gpstk\
Triple.hpp,C:\Users\brinson\Documents\Visual Studio 2013\msn\main71\code\shared\gpstk\
TropModel.hpp,C:\Users\brinson\Documents\Visual Studio 2013\msn\main71\code\shared\gpstk\
UDPSocket.hpp,C:\Users\brinson\Documents\Visual Studio 2013\msn\main71\code\shared\sglstd\
Undertaker.hpp,C:\Users\brinson\Documents\Visual Studio 2013\msn\main71\code\shared\sglmsn\appframe\
UndertakerBase.hpp,C:\Users\brinson\Documents\Visual Studio 2013\msn\main71\code\shared\sglmsn\appframe\
UnixTime.hpp,C:\Users\brinson\Documents\Visual Studio 2013\msn\main71\code\shared\gpstk\
ValidType.hpp,C:\Users\brinson\Documents\Visual Studio 2013\msn\main71\code\shared\gpstk\
Vector.hpp,C:\Users\brinson\Documents\Visual Studio 2013\msn\main71\code\shared\gpstk\
VectorBase.hpp,C:\Users\brinson\Documents\Visual Studio 2013\msn\main71\code\shared\gpstk\
VectorBaseOperators.hpp,C:\Users\brinson\Documents\Visual Studio 2013\msn\main71\code\shared\gpstk\
VectorOperators.hpp,C:\Users\brinson\Documents\Visual Studio 2013\msn\main71\code\shared\gpstk\
WGS84Geoid.hpp,C:\Users\brinson\Documents\Visual Studio 2013\msn\main71\code\shared\gpstk\
WeatherData.hpp,C:\Users\brinson\Documents\Visual Studio 2013\msn\main71\code\shared\sglmsn\datatree\
Wx211.hpp,C:\Users\brinson\Documents\Visual Studio 2013\msn\main71\code\shared\sglmsn\icd211\
XDRTransport.hpp,C:\Users\brinson\Documents\Visual Studio 2013\msn\main71\code\shared\sglmsn\msnmisc\
XDRstubs.h,C:\Users\brinson\Documents\Visual Studio 2013\msn\main71\code\shared\sglmsn\datatree\
Xvt.hpp,C:\Users\brinson\Documents\Visual Studio 2013\msn\main71\code\shared\gpstk\
YDSTime.hpp,C:\Users\brinson\Documents\Visual Studio 2013\msn\main71\code\shared\gpstk\
algo.h,C:\cygwin64\lib\gcc\i686-w64-mingw32\4.8.3\include\c++\parallel\
algobase.h,C:\cygwin64\lib\gcc\i686-w64-mingw32\4.8.3\include\c++\parallel\
algorithm,C:\cygwin64\lib\gcc\i686-w64-mingw32\4.8.3\include\c++\
,C:\cygwin64\lib\gcc\i686-w64-mingw32\4.8.3\include\c++\ext\
,C:\cygwin64\lib\gcc\i686-w64-mingw32\4.8.3\include\c++\parallel\
algorithmfwd.h,C:\cygwin64\lib\gcc\i686-w64-mingw32\4.8.3\include\c++\bits\
,C:\cygwin64\lib\gcc\i686-w64-mingw32\4.8.3\include\c++\parallel\
alloc_traits.h,C:\cygwin64\lib\gcc\i686-w64-mingw32\4.8.3\include\c++\bits\
,C:\cygwin64\lib\gcc\i686-w64-mingw32\4.8.3\include\c++\ext\
allocator.h,C:\cygwin64\lib\gcc\i686-w64-mingw32\4.8.3\include\c++\bits\
array,C:\cygwin64\lib\gcc\i686-w64-mingw32\4.8.3\include\c++\
,C:\cygwin64\lib\gcc\i686-w64-mingw32\4.8.3\include\c++\debug\
,C:\cygwin64\lib\gcc\i686-w64-mingw32\4.8.3\include\c++\profile\
,C:\cygwin64\lib\gcc\i686-w64-mingw32\4.8.3\include\c++\tr1\
atomic_lockfree_defines.h,C:\cygwin64\lib\gcc\i686-w64-mingw32\4.8.3\include\c++\bits\
atomic_word.h,C:\cygwin64\lib\gcc\i686-w64-mingw32\4.8.3\include\c++\i686-w64-mingw32\bits\
atomicity.h,C:\cygwin64\lib\gcc\i686-w64-mingw32\4.8.3\include\c++\ext\
balanced_quicksort.h,C:\cygwin64\lib\gcc\i686-w64-mingw32\4.8.3\include\c++\parallel\
base.h,C:\cygwin64\lib\gcc\i686-w64-mingw32\4.8.3\include\c++\parallel\
,C:\cygwin64\lib\gcc\i686-w64-mingw32\4.8.3\include\c++\profile\
basic_file.h,C:\cygwin64\lib\gcc\i686-w64-mingw32\4.8.3\include\c++\i686-w64-mingw32\bits\
basic_ios.h,C:\cygwin64\lib\gcc\i686-w64-mingw32\4.8.3\include\c++\bits\
basic_ios.tcc,C:\cygwin64\lib\gcc\i686-w64-mingw32\4.8.3\include\c++\bits\
basic_iterator.h,C:\cygwin64\lib\gcc\i686-w64-mingw32\4.8.3\include\c++\parallel\
basic_string.h,C:\cygwin64\lib\gcc\i686-w64-mingw32\4.8.3\include\c++\bits\
basic_string.tcc,C:\cygwin64\lib\gcc\i686-w64-mingw32\4.8.3\include\c++\bits\
bessel_function.tcc,C:\cygwin64\lib\gcc\i686-w64-mingw32\4.8.3\include\c++\tr1\
beta_function.tcc,C:\cygwin64\lib\gcc\i686-w64-mingw32\4.8.3\include\c++\tr1\
boost_concept_check.h,C:\cygwin64\lib\gcc\i686-w64-mingw32\4.8.3\include\c++\bits\
c++allocator.h,C:\cygwin64\lib\gcc\i686-w64-mingw32\4.8.3\include\c++\i686-w64-mingw32\bits\
c++config.h,C:\cygwin64\lib\gcc\i686-w64-mingw32\4.8.3\include\c++\i686-w64-mingw32\bits\
c++io.h,C:\cygwin64\lib\gcc\i686-w64-mingw32\4.8.3\include\c++\i686-w64-mingw32\bits\
c++locale.h,C:\cygwin64\lib\gcc\i686-w64-mingw32\4.8.3\include\c++\i686-w64-mingw32\bits\
cctype,C:\cygwin64\lib\gcc\i686-w64-mingw32\4.8.3\include\c++\
,C:\cygwin64\lib\gcc\i686-w64-mingw32\4.8.3\include\c++\tr1\
cerrno,C:\cygwin64\lib\gcc\i686-w64-mingw32\4.8.3\include\c++\
char_traits.h,C:\cygwin64\lib\gcc\i686-w64-mingw32\4.8.3\include\c++\bits\
checkers.h,C:\cygwin64\lib\gcc\i686-w64-mingw32\4.8.3\include\c++\parallel\
clocale,C:\cygwin64\lib\gcc\i686-w64-mingw32\4.8.3\include\c++\
cmath,C:\cygwin64\lib\gcc\i686-w64-mingw32\4.8.3\include\c++\
,C:\cygwin64\lib\gcc\i686-w64-mingw32\4.8.3\include\c++\ext\
,C:\cygwin64\lib\gcc\i686-w64-mingw32\4.8.3\include\c++\tr1\
codecvt.h,C:\cygwin64\lib\gcc\i686-w64-mingw32\4.8.3\include\c++\bits\
codes.hpp,C:\Users\brinson\Documents\Visual Studio 2013\msn\main71\code\gpsrx\reference\
compatibility.h,C:\cygwin64\lib\gcc\i686-w64-mingw32\4.8.3\include\c++\parallel\
compiletime_settings.h,C:\cygwin64\lib\gcc\i686-w64-mingw32\4.8.3\include\c++\parallel\
concept_check.h,C:\cygwin64\lib\gcc\i686-w64-mingw32\4.8.3\include\c++\bits\
concurrence.h,C:\cygwin64\lib\gcc\i686-w64-mingw32\4.8.3\include\c++\ext\
cpp_type_traits.h,C:\cygwin64\lib\gcc\i686-w64-mingw32\4.8.3\include\c++\bits\
cpu_defines.h,C:\cygwin64\lib\gcc\i686-w64-mingw32\4.8.3\include\c++\i686-w64-mingw32\bits\
csignal,C:\cygwin64\lib\gcc\i686-w64-mingw32\4.8.3\include\c++\
cstdint,C:\cygwin64\lib\gcc\i686-w64-mingw32\4.8.3\include\c++\
,C:\cygwin64\lib\gcc\i686-w64-mingw32\4.8.3\include\c++\tr1\
cstdio,C:\cygwin64\lib\gcc\i686-w64-mingw32\4.8.3\include\c++\
,C:\cygwin64\lib\gcc\i686-w64-mingw32\4.8.3\include\c++\tr1\
cstdlib,C:\cygwin64\lib\gcc\i686-w64-mingw32\4.8.3\include\c++\
,C:\cygwin64\lib\gcc\i686-w64-mingw32\4.8.3\include\c++\tr1\
ctime,C:\cygwin64\lib\gcc\i686-w64-mingw32\4.8.3\include\c++\
,C:\cygwin64\lib\gcc\i686-w64-mingw32\4.8.3\include\c++\tr1\
ctype.h,C:\cygwin64\lib\gcc\i686-w64-mingw32\4.8.3\include\c++\tr1\
ctype_base.h,C:\cygwin64\lib\gcc\i686-w64-mingw32\4.8.3\include\c++\i686-w64-mingw32\bits\
ctype_inline.h,C:\cygwin64\lib\gcc\i686-w64-mingw32\4.8.3\include\c++\i686-w64-mingw32\bits\
cwchar,C:\cygwin64\lib\gcc\i686-w64-mingw32\4.8.3\include\c++\
,C:\cygwin64\lib\gcc\i686-w64-mingw32\4.8.3\include\c++\tr1\
cwctype,C:\cygwin64\lib\gcc\i686-w64-mingw32\4.8.3\include\c++\
,C:\cygwin64\lib\gcc\i686-w64-mingw32\4.8.3\include\c++\tr1\
cxxabi_forced.h,C:\cygwin64\lib\gcc\i686-w64-mingw32\4.8.3\include\c++\bits\
debug.h,C:\cygwin64\lib\gcc\i686-w64-mingw32\4.8.3\include\c++\debug\
default211Addresses.hpp,C:\Users\brinson\Documents\Visual Studio 2013\msn\main71\code\shared\sglmsn\icd211\
deque,C:\cygwin64\lib\gcc\i686-w64-mingw32\4.8.3\include\c++\
,C:\cygwin64\lib\gcc\i686-w64-mingw32\4.8.3\include\c++\debug\
,C:\cygwin64\lib\gcc\i686-w64-mingw32\4.8.3\include\c++\profile\
deque.tcc,C:\cygwin64\lib\gcc\i686-w64-mingw32\4.8.3\include\c++\bits\
ell_integral.tcc,C:\cygwin64\lib\gcc\i686-w64-mingw32\4.8.3\include\c++\tr1\
equally_split.h,C:\cygwin64\lib\gcc\i686-w64-mingw32\4.8.3\include\c++\parallel\
exception,C:\cygwin64\lib\gcc\i686-w64-mingw32\4.8.3\include\c++\
exception_defines.h,C:\cygwin64\lib\gcc\i686-w64-mingw32\4.8.3\include\c++\bits\
exception_ptr.h,C:\cygwin64\lib\gcc\i686-w64-mingw32\4.8.3\include\c++\bits\
exp_integral.tcc,C:\cygwin64\lib\gcc\i686-w64-mingw32\4.8.3\include\c++\tr1\
features.h,C:\cygwin64\lib\gcc\i686-w64-mingw32\4.8.3\include\c++\parallel\
find.h,C:\cygwin64\lib\gcc\i686-w64-mingw32\4.8.3\include\c++\parallel\
find_selectors.h,C:\cygwin64\lib\gcc\i686-w64-mingw32\4.8.3\include\c++\parallel\
for_each.h,C:\cygwin64\lib\gcc\i686-w64-mingw32\4.8.3\include\c++\parallel\
for_each_selectors.h,C:\cygwin64\lib\gcc\i686-w64-mingw32\4.8.3\include\c++\parallel\
formatter.h,C:\cygwin64\lib\gcc\i686-w64-mingw32\4.8.3\include\c++\debug\
fstream,C:\cygwin64\lib\gcc\i686-w64-mingw32\4.8.3\include\c++\
fstream.tcc,C:\cygwin64\lib\gcc\i686-w64-mingw32\4.8.3\include\c++\bits\
functexcept.h,C:\cygwin64\lib\gcc\i686-w64-mingw32\4.8.3\include\c++\bits\
functional,C:\cygwin64\lib\gcc\i686-w64-mingw32\4.8.3\include\c++\
,C:\cygwin64\lib\gcc\i686-w64-mingw32\4.8.3\include\c++\ext\
,C:\cygwin64\lib\gcc\i686-w64-mingw32\4.8.3\include\c++\tr1\
functional_hash.h,C:\cygwin64\lib\gcc\i686-w64-mingw32\4.8.3\include\c++\bits\
,C:\cygwin64\lib\gcc\i686-w64-mingw32\4.8.3\include\c++\tr1\
functions.h,C:\cygwin64\lib\gcc\i686-w64-mingw32\4.8.3\include\c++\debug\
gamma.tcc,C:\cygwin64\lib\gcc\i686-w64-mingw32\4.8.3\include\c++\tr1\
getopt.h,C:\Users\brinson\Documents\Visual Studio 2013\msn\main71\code\shared\gpstk\
gps_constants.hpp,C:\Users\brinson\Documents\Visual Studio 2013\msn\main71\code\shared\gpstk\
gslice.h,C:\cygwin64\lib\gcc\i686-w64-mingw32\4.8.3\include\c++\bits\
gslice_array.h,C:\cygwin64\lib\gcc\i686-w64-mingw32\4.8.3\include\c++\bits\
gthr-default.h,C:\cygwin64\lib\gcc\i686-w64-mingw32\4.8.3\include\c++\i686-w64-mingw32\bits\
gthr.h,C:\cygwin64\lib\gcc\i686-w64-mingw32\4.8.3\include\c++\i686-w64-mingw32\bits\
hash_bytes.h,C:\cygwin64\lib\gcc\i686-w64-mingw32\4.8.3\include\c++\bits\
hash_fun.h,C:\cygwin64\lib\gcc\i686-w64-mingw32\4.8.3\include\c++\backward\
hashtable.h,C:\cygwin64\lib\gcc\i686-w64-mingw32\4.8.3\include\c++\backward\
,C:\cygwin64\lib\gcc\i686-w64-mingw32\4.8.3\include\c++\bits\
,C:\cygwin64\lib\gcc\i686-w64-mingw32\4.8.3\include\c++\tr1\
hashtable_policy.h,C:\cygwin64\lib\gcc\i686-w64-mingw32\4.8.3\include\c++\bits\
,C:\cygwin64\lib\gcc\i686-w64-mingw32\4.8.3\include\c++\tr1\
hypergeometric.tcc,C:\cygwin64\lib\gcc\i686-w64-mingw32\4.8.3\include\c++\tr1\
icd_200_constants.hpp,C:\Users\brinson\Documents\Visual Studio 2013\msn\main71\code\shared\gpstk\
indirect_array.h,C:\cygwin64\lib\gcc\i686-w64-mingw32\4.8.3\include\c++\bits\
initializer_list,C:\cygwin64\lib\gcc\i686-w64-mingw32\4.8.3\include\c++\
iomanip,C:\cygwin64\lib\gcc\i686-w64-mingw32\4.8.3\include\c++\
ios,C:\cygwin64\lib\gcc\i686-w64-mingw32\4.8.3\include\c++\
ios_base.h,C:\cygwin64\lib\gcc\i686-w64-mingw32\4.8.3\include\c++\bits\
iosfwd,C:\cygwin64\lib\gcc\i686-w64-mingw32\4.8.3\include\c++\
iostream,C:\cygwin64\lib\gcc\i686-w64-mingw32\4.8.3\include\c++\
istream,C:\cygwin64\lib\gcc\i686-w64-mingw32\4.8.3\include\c++\
istream.tcc,C:\cygwin64\lib\gcc\i686-w64-mingw32\4.8.3\include\c++\bits\
iterator,C:\cygwin64\lib\gcc\i686-w64-mingw32\4.8.3\include\c++\
,C:\cygwin64\lib\gcc\i686-w64-mingw32\4.8.3\include\c++\ext\
iterator.h,C:\cygwin64\lib\gcc\i686-w64-mingw32\4.8.3\include\c++\parallel\
iterator_tracker.h,C:\cygwin64\lib\gcc\i686-w64-mingw32\4.8.3\include\c++\profile\
legendre_function.tcc,C:\cygwin64\lib\gcc\i686-w64-mingw32\4.8.3\include\c++\tr1\
limits,C:\cygwin64\lib\gcc\i686-w64-mingw32\4.8.3\include\c++\
list,C:\cygwin64\lib\gcc\i686-w64-mingw32\4.8.3\include\c++\
,C:\cygwin64\lib\gcc\i686-w64-mingw32\4.8.3\include\c++\debug\
,C:\cygwin64\lib\gcc\i686-w64-mingw32\4.8.3\include\c++\profile\
list.tcc,C:\cygwin64\lib\gcc\i686-w64-mingw32\4.8.3\include\c++\bits\
locale,C:\cygwin64\lib\gcc\i686-w64-mingw32\4.8.3\include\c++\
locale_classes.h,C:\cygwin64\lib\gcc\i686-w64-mingw32\4.8.3\include\c++\bits\
locale_facets.h,C:\cygwin64\lib\gcc\i686-w64-mingw32\4.8.3\include\c++\bits\
locale_facets_nonio.h,C:\cygwin64\lib\gcc\i686-w64-mingw32\4.8.3\include\c++\bits\
locale_facets_nonio.tcc,C:\cygwin64\lib\gcc\i686-w64-mingw32\4.8.3\include\c++\bits\
localefwd.h,C:\cygwin64\lib\gcc\i686-w64-mingw32\4.8.3\include\c++\bits\
losertree.h,C:\cygwin64\lib\gcc\i686-w64-mingw32\4.8.3\include\c++\parallel\
macros.h,C:\cygwin64\lib\gcc\i686-w64-mingw32\4.8.3\include\c++\debug\
map,C:\cygwin64\lib\gcc\i686-w64-mingw32\4.8.3\include\c++\
,C:\cygwin64\lib\gcc\i686-w64-mingw32\4.8.3\include\c++\debug\
,C:\cygwin64\lib\gcc\i686-w64-mingw32\4.8.3\include\c++\profile\
map.h,C:\cygwin64\lib\gcc\i686-w64-mingw32\4.8.3\include\c++\debug\
,C:\cygwin64\lib\gcc\i686-w64-mingw32\4.8.3\include\c++\profile\
marc211w.cpp,C:\Users\brinson\Documents\Visual Studio 2013\msn\main71\code\marc\
mask_array.h,C:\cygwin64\lib\gcc\i686-w64-mingw32\4.8.3\include\c++\bits\
math.h,C:\cygwin64\lib\gcc\i686-w64-mingw32\4.8.3\include\c++\tr1\
memoryfwd.h,C:\cygwin64\lib\gcc\i686-w64-mingw32\4.8.3\include\c++\bits\
merge.h,C:\cygwin64\lib\gcc\i686-w64-mingw32\4.8.3\include\c++\parallel\
messages_members.h,C:\cygwin64\lib\gcc\i686-w64-mingw32\4.8.3\include\c++\i686-w64-mingw32\bits\
metkenum.hpp,C:\Users\brinson\Documents\Visual Studio 2013\msn\main71\code\shared\msnetk\
modified_bessel_func.tcc,C:\cygwin64\lib\gcc\i686-w64-mingw32\4.8.3\include\c++\tr1\
move.h,C:\cygwin64\lib\gcc\i686-w64-mingw32\4.8.3\include\c++\bits\
mqhelp.hpp,C:\Users\brinson\Documents\Visual Studio 2013\msn\main71\code\shared\sglmsn\mqmsn\
multimap.h,C:\cygwin64\lib\gcc\i686-w64-mingw32\4.8.3\include\c++\debug\
,C:\cygwin64\lib\gcc\i686-w64-mingw32\4.8.3\include\c++\profile\
multiseq_selection.h,C:\cygwin64\lib\gcc\i686-w64-mingw32\4.8.3\include\c++\parallel\
multiset.h,C:\cygwin64\lib\gcc\i686-w64-mingw32\4.8.3\include\c++\debug\
,C:\cygwin64\lib\gcc\i686-w64-mingw32\4.8.3\include\c++\profile\
multiway_merge.h,C:\cygwin64\lib\gcc\i686-w64-mingw32\4.8.3\include\c++\parallel\
multiway_mergesort.h,C:\cygwin64\lib\gcc\i686-w64-mingw32\4.8.3\include\c++\parallel\
nested_exception.h,C:\cygwin64\lib\gcc\i686-w64-mingw32\4.8.3\include\c++\bits\
new,C:\cygwin64\lib\gcc\i686-w64-mingw32\4.8.3\include\c++\
new_allocator.h,C:\cygwin64\lib\gcc\i686-w64-mingw32\4.8.3\include\c++\ext\
numeric,C:\cygwin64\lib\gcc\i686-w64-mingw32\4.8.3\include\c++\
,C:\cygwin64\lib\gcc\i686-w64-mingw32\4.8.3\include\c++\ext\
,C:\cygwin64\lib\gcc\i686-w64-mingw32\4.8.3\include\c++\parallel\
numeric_traits.h,C:\cygwin64\lib\gcc\i686-w64-mingw32\4.8.3\include\c++\ext\
numericfwd.h,C:\cygwin64\lib\gcc\i686-w64-mingw32\4.8.3\include\c++\parallel\
omp_loop.h,C:\cygwin64\lib\gcc\i686-w64-mingw32\4.8.3\include\c++\parallel\
omp_loop_static.h,C:\cygwin64\lib\gcc\i686-w64-mingw32\4.8.3\include\c++\parallel\
opt_random.h,C:\cygwin64\lib\gcc\i686-w64-mingw32\4.8.3\include\c++\i686-w64-mingw32\bits\
,C:\cygwin64\lib\gcc\i686-w64-mingw32\4.8.3\include\c++\i686-w64-mingw32\ext\
os_defines.h,C:\cygwin64\lib\gcc\i686-w64-mingw32\4.8.3\include\c++\i686-w64-mingw32\bits\
ostream,C:\cygwin64\lib\gcc\i686-w64-mingw32\4.8.3\include\c++\
ostream.tcc,C:\cygwin64\lib\gcc\i686-w64-mingw32\4.8.3\include\c++\bits\
ostream_insert.h,C:\cygwin64\lib\gcc\i686-w64-mingw32\4.8.3\include\c++\bits\
par_loop.h,C:\cygwin64\lib\gcc\i686-w64-mingw32\4.8.3\include\c++\parallel\
parallel.h,C:\cygwin64\lib\gcc\i686-w64-mingw32\4.8.3\include\c++\parallel\
partial_sum.h,C:\cygwin64\lib\gcc\i686-w64-mingw32\4.8.3\include\c++\parallel\
partition.h,C:\cygwin64\lib\gcc\i686-w64-mingw32\4.8.3\include\c++\parallel\
poly_hermite.tcc,C:\cygwin64\lib\gcc\i686-w64-mingw32\4.8.3\include\c++\tr1\
poly_laguerre.tcc,C:\cygwin64\lib\gcc\i686-w64-mingw32\4.8.3\include\c++\tr1\
postypes.h,C:\cygwin64\lib\gcc\i686-w64-mingw32\4.8.3\include\c++\bits\
profiler.h,C:\cygwin64\lib\gcc\i686-w64-mingw32\4.8.3\include\c++\profile\impl\
profiler_algos.h,C:\cygwin64\lib\gcc\i686-w64-mingw32\4.8.3\include\c++\profile\impl\
profiler_container_size.h,C:\cygwin64\lib\gcc\i686-w64-mingw32\4.8.3\include\c++\profile\impl\
profiler_hash_func.h,C:\cygwin64\lib\gcc\i686-w64-mingw32\4.8.3\include\c++\profile\impl\
profiler_hashtable_size.h,C:\cygwin64\lib\gcc\i686-w64-mingw32\4.8.3\include\c++\profile\impl\
profiler_list_to_slist.h,C:\cygwin64\lib\gcc\i686-w64-mingw32\4.8.3\include\c++\profile\impl\
profiler_list_to_vector.h,C:\cygwin64\lib\gcc\i686-w64-mingw32\4.8.3\include\c++\profile\impl\
profiler_map_to_unordered_map.h,C:\cygwin64\lib\gcc\i686-w64-mingw32\4.8.3\include\c++\profile\impl\
profiler_node.h,C:\cygwin64\lib\gcc\i686-w64-mingw32\4.8.3\include\c++\profile\impl\
profiler_state.h,C:\cygwin64\lib\gcc\i686-w64-mingw32\4.8.3\include\c++\profile\impl\
profiler_trace.h,C:\cygwin64\lib\gcc\i686-w64-mingw32\4.8.3\include\c++\profile\impl\
profiler_vector_size.h,C:\cygwin64\lib\gcc\i686-w64-mingw32\4.8.3\include\c++\profile\impl\
profiler_vector_to_list.h,C:\cygwin64\lib\gcc\i686-w64-mingw32\4.8.3\include\c++\profile\impl\
ptr_traits.h,C:\cygwin64\lib\gcc\i686-w64-mingw32\4.8.3\include\c++\bits\
queue,C:\cygwin64\lib\gcc\i686-w64-mingw32\4.8.3\include\c++\
queue.h,C:\cygwin64\lib\gcc\i686-w64-mingw32\4.8.3\include\c++\parallel\
quicksort.h,C:\cygwin64\lib\gcc\i686-w64-mingw32\4.8.3\include\c++\parallel\
random,C:\cygwin64\lib\gcc\i686-w64-mingw32\4.8.3\include\c++\
,C:\cygwin64\lib\gcc\i686-w64-mingw32\4.8.3\include\c++\ext\
,C:\cygwin64\lib\gcc\i686-w64-mingw32\4.8.3\include\c++\tr1\
random.h,C:\cygwin64\lib\gcc\i686-w64-mingw32\4.8.3\include\c++\bits\
,C:\cygwin64\lib\gcc\i686-w64-mingw32\4.8.3\include\c++\tr1\
random.tcc,C:\cygwin64\lib\gcc\i686-w64-mingw32\4.8.3\include\c++\bits\
,C:\cygwin64\lib\gcc\i686-w64-mingw32\4.8.3\include\c++\ext\
,C:\cygwin64\lib\gcc\i686-w64-mingw32\4.8.3\include\c++\tr1\
random_number.h,C:\cygwin64\lib\gcc\i686-w64-mingw32\4.8.3\include\c++\parallel\
random_shuffle.h,C:\cygwin64\lib\gcc\i686-w64-mingw32\4.8.3\include\c++\parallel\
range_access.h,C:\cygwin64\lib\gcc\i686-w64-mingw32\4.8.3\include\c++\bits\
regex.h,C:\cygwin64\lib\gcc\i686-w64-mingw32\4.8.3\include\c++\bits\
riemann_zeta.tcc,C:\cygwin64\lib\gcc\i686-w64-mingw32\4.8.3\include\c++\tr1\
safe_base.h,C:\cygwin64\lib\gcc\i686-w64-mingw32\4.8.3\include\c++\debug\
safe_iterator.h,C:\cygwin64\lib\gcc\i686-w64-mingw32\4.8.3\include\c++\debug\
safe_iterator.tcc,C:\cygwin64\lib\gcc\i686-w64-mingw32\4.8.3\include\c++\debug\
safe_local_iterator.h,C:\cygwin64\lib\gcc\i686-w64-mingw32\4.8.3\include\c++\debug\
safe_local_iterator.tcc,C:\cygwin64\lib\gcc\i686-w64-mingw32\4.8.3\include\c++\debug\
safe_sequence.h,C:\cygwin64\lib\gcc\i686-w64-mingw32\4.8.3\include\c++\debug\
safe_sequence.tcc,C:\cygwin64\lib\gcc\i686-w64-mingw32\4.8.3\include\c++\debug\
safe_unordered_base.h,C:\cygwin64\lib\gcc\i686-w64-mingw32\4.8.3\include\c++\debug\
safe_unordered_container.h,C:\cygwin64\lib\gcc\i686-w64-mingw32\4.8.3\include\c++\debug\
safe_unordered_container.tcc,C:\cygwin64\lib\gcc\i686-w64-mingw32\4.8.3\include\c++\debug\
search.h,C:\cygwin64\lib\gcc\i686-w64-mingw32\4.8.3\include\c++\parallel\
serializerMaker.hpp,C:\Users\brinson\Documents\Visual Studio 2013\msn\main71\code\shared\sglmsn\datatree\
set,C:\cygwin64\lib\gcc\i686-w64-mingw32\4.8.3\include\c++\
,C:\cygwin64\lib\gcc\i686-w64-mingw32\4.8.3\include\c++\debug\
,C:\cygwin64\lib\gcc\i686-w64-mingw32\4.8.3\include\c++\profile\
set.h,C:\cygwin64\lib\gcc\i686-w64-mingw32\4.8.3\include\c++\debug\
,C:\cygwin64\lib\gcc\i686-w64-mingw32\4.8.3\include\c++\profile\
set_operations.h,C:\cygwin64\lib\gcc\i686-w64-mingw32\4.8.3\include\c++\parallel\
settings.h,C:\cygwin64\lib\gcc\i686-w64-mingw32\4.8.3\include\c++\parallel\
slice_array.h,C:\cygwin64\lib\gcc\i686-w64-mingw32\4.8.3\include\c++\bits\
sort.h,C:\cygwin64\lib\gcc\i686-w64-mingw32\4.8.3\include\c++\parallel\
special_function_util.h,C:\cygwin64\lib\gcc\i686-w64-mingw32\4.8.3\include\c++\tr1\
sstream,C:\cygwin64\lib\gcc\i686-w64-mingw32\4.8.3\include\c++\
sstream.tcc,C:\cygwin64\lib\gcc\i686-w64-mingw32\4.8.3\include\c++\bits\
stdexcept,C:\cygwin64\lib\gcc\i686-w64-mingw32\4.8.3\include\c++\
stdint.h,C:\cygwin64\lib\gcc\i686-w64-mingw32\4.8.3\include\c++\tr1\
stdio.h,C:\cygwin64\lib\gcc\i686-w64-mingw32\4.8.3\include\c++\tr1\
stdlib.h,C:\cygwin64\lib\gcc\i686-w64-mingw32\4.8.3\include\c++\tr1\
stl_algo.h,C:\cygwin64\lib\gcc\i686-w64-mingw32\4.8.3\include\c++\bits\
stl_algobase.h,C:\cygwin64\lib\gcc\i686-w64-mingw32\4.8.3\include\c++\bits\
stl_bvector.h,C:\cygwin64\lib\gcc\i686-w64-mingw32\4.8.3\include\c++\bits\
stl_construct.h,C:\cygwin64\lib\gcc\i686-w64-mingw32\4.8.3\include\c++\bits\
stl_deque.h,C:\cygwin64\lib\gcc\i686-w64-mingw32\4.8.3\include\c++\bits\
stl_function.h,C:\cygwin64\lib\gcc\i686-w64-mingw32\4.8.3\include\c++\bits\
stl_heap.h,C:\cygwin64\lib\gcc\i686-w64-mingw32\4.8.3\include\c++\bits\
stl_iterator.h,C:\cygwin64\lib\gcc\i686-w64-mingw32\4.8.3\include\c++\bits\
stl_iterator_base_funcs.h,C:\cygwin64\lib\gcc\i686-w64-mingw32\4.8.3\include\c++\bits\
stl_iterator_base_types.h,C:\cygwin64\lib\gcc\i686-w64-mingw32\4.8.3\include\c++\bits\
stl_list.h,C:\cygwin64\lib\gcc\i686-w64-mingw32\4.8.3\include\c++\bits\
stl_map.h,C:\cygwin64\lib\gcc\i686-w64-mingw32\4.8.3\include\c++\bits\
stl_multimap.h,C:\cygwin64\lib\gcc\i686-w64-mingw32\4.8.3\include\c++\bits\
stl_multiset.h,C:\cygwin64\lib\gcc\i686-w64-mingw32\4.8.3\include\c++\bits\
stl_numeric.h,C:\cygwin64\lib\gcc\i686-w64-mingw32\4.8.3\include\c++\bits\
stl_pair.h,C:\cygwin64\lib\gcc\i686-w64-mingw32\4.8.3\include\c++\bits\
stl_queue.h,C:\cygwin64\lib\gcc\i686-w64-mingw32\4.8.3\include\c++\bits\
stl_relops.h,C:\cygwin64\lib\gcc\i686-w64-mingw32\4.8.3\include\c++\bits\
stl_set.h,C:\cygwin64\lib\gcc\i686-w64-mingw32\4.8.3\include\c++\bits\
stl_tempbuf.h,C:\cygwin64\lib\gcc\i686-w64-mingw32\4.8.3\include\c++\bits\
stl_tree.h,C:\cygwin64\lib\gcc\i686-w64-mingw32\4.8.3\include\c++\bits\
stl_uninitialized.h,C:\cygwin64\lib\gcc\i686-w64-mingw32\4.8.3\include\c++\bits\
stl_vector.h,C:\cygwin64\lib\gcc\i686-w64-mingw32\4.8.3\include\c++\bits\
stream_iterator.h,C:\cygwin64\lib\gcc\i686-w64-mingw32\4.8.3\include\c++\bits\
streambuf,C:\cygwin64\lib\gcc\i686-w64-mingw32\4.8.3\include\c++\
streambuf.tcc,C:\cygwin64\lib\gcc\i686-w64-mingw32\4.8.3\include\c++\bits\
streambuf_iterator.h,C:\cygwin64\lib\gcc\i686-w64-mingw32\4.8.3\include\c++\bits\
string,C:\cygwin64\lib\gcc\i686-w64-mingw32\4.8.3\include\c++\
,C:\cygwin64\lib\gcc\i686-w64-mingw32\4.8.3\include\c++\debug\
string_conversions.h,C:\cygwin64\lib\gcc\i686-w64-mingw32\4.8.3\include\c++\ext\
stringfwd.h,C:\cygwin64\lib\gcc\i686-w64-mingw32\4.8.3\include\c++\bits\
tags.h,C:\cygwin64\lib\gcc\i686-w64-mingw32\4.8.3\include\c++\parallel\
time_members.h,C:\cygwin64\lib\gcc\i686-w64-mingw32\4.8.3\include\c++\i686-w64-mingw32\bits\
tuple,C:\cygwin64\lib\gcc\i686-w64-mingw32\4.8.3\include\c++\
,C:\cygwin64\lib\gcc\i686-w64-mingw32\4.8.3\include\c++\tr1\
type_traits,C:\cygwin64\lib\gcc\i686-w64-mingw32\4.8.3\include\c++\
,C:\cygwin64\lib\gcc\i686-w64-mingw32\4.8.3\include\c++\tr1\
,C:\cygwin64\lib\gcc\i686-w64-mingw32\4.8.3\include\c++\tr2\
type_traits.h,C:\cygwin64\lib\gcc\i686-w64-mingw32\4.8.3\include\c++\ext\
typeinfo,C:\cygwin64\lib\gcc\i686-w64-mingw32\4.8.3\include\c++\
types.h,C:\cygwin64\lib\gcc\i686-w64-mingw32\4.8.3\include\c++\parallel\
unique_copy.h,C:\cygwin64\lib\gcc\i686-w64-mingw32\4.8.3\include\c++\parallel\
unordered_base.h,C:\cygwin64\lib\gcc\i686-w64-mingw32\4.8.3\include\c++\profile\
unordered_map,C:\cygwin64\lib\gcc\i686-w64-mingw32\4.8.3\include\c++\
,C:\cygwin64\lib\gcc\i686-w64-mingw32\4.8.3\include\c++\debug\
,C:\cygwin64\lib\gcc\i686-w64-mingw32\4.8.3\include\c++\profile\
,C:\cygwin64\lib\gcc\i686-w64-mingw32\4.8.3\include\c++\tr1\
unordered_map.h,C:\cygwin64\lib\gcc\i686-w64-mingw32\4.8.3\include\c++\bits\
,C:\cygwin64\lib\gcc\i686-w64-mingw32\4.8.3\include\c++\tr1\
uses_allocator.h,C:\cygwin64\lib\gcc\i686-w64-mingw32\4.8.3\include\c++\bits\
utility,C:\cygwin64\lib\gcc\i686-w64-mingw32\4.8.3\include\c++\
,C:\cygwin64\lib\gcc\i686-w64-mingw32\4.8.3\include\c++\tr1\
valarray,C:\cygwin64\lib\gcc\i686-w64-mingw32\4.8.3\include\c++\
valarray_after.h,C:\cygwin64\lib\gcc\i686-w64-mingw32\4.8.3\include\c++\bits\
valarray_array.h,C:\cygwin64\lib\gcc\i686-w64-mingw32\4.8.3\include\c++\bits\
valarray_before.h,C:\cygwin64\lib\gcc\i686-w64-mingw32\4.8.3\include\c++\bits\
vector,C:\cygwin64\lib\gcc\i686-w64-mingw32\4.8.3\include\c++\
,C:\cygwin64\lib\gcc\i686-w64-mingw32\4.8.3\include\c++\debug\
,C:\cygwin64\lib\gcc\i686-w64-mingw32\4.8.3\include\c++\profile\
wchar.h,C:\cygwin64\lib\gcc\i686-w64-mingw32\4.8.3\include\c++\tr1\
wctype.h,C:\cygwin64\lib\gcc\i686-w64-mingw32\4.8.3\include\c++\tr1\
whoami.hpp,C:\Users\brinson\Documents\Visual Studio 2013\msn\main71\code\shared\sglstd\
workstealing.h,C:\cygwin64\lib\gcc\i686-w64-mingw32\4.8.3\include\c++\parallel\
DayTime.hpp, Not found
H5PTpublic.h, Not found
_mingw.h, Not found
blackenum.hpp, Not found
blackstrings.hpp, Not found
cmqc.h, Not found
errno.h, Not found
execinfo.h, Not found
fcntl.h, Not found
hdf5.h, Not found
in.h, Not found
in_systm.h, Not found
inet.h, Not found
ip.h, Not found
locale.h, Not found
machine.h, Not found
memory.h, Not found
nameser_compat.h, Not found
netdb.h, Not found
nl_types.h, Not found
omp.h, Not found
param.h, Not found
pthread.h, Not found
redenum.hpp, Not found
redstrings.hpp, Not found
rodsClient.h, Not found
sched.h, Not found
semaphore.h, Not found
siginfo.h, Not found
signal.h, Not found
socket.h, Not found
stddef.h, Not found
string.h, Not found
thread.h, Not found
time.h, Not found
udp.h, Not found
unistd.h, Not found
windows.h, Not found
x86intrin.h, Not found
xdr.h, Not found
