Include File Name, Line containing string
hdf5.h,#include <hdf5.h>
vector,#include <vector>
ArchiveWriterStatusChunk.hpp,#include "ArchiveWriterStatusChunk.hpp"
ArchTypeCvt.hpp,#include "ArchTypeCvt.hpp"
ArchUtils.hpp,#include "ArchUtils.hpp"
Base211.hpp,#include "Base211.hpp"
FileSpec.hpp,#include "FileSpec.hpp"
FormMSN.hpp,#include "FormMSN.hpp"
H5GNSSfuncs.h,#include "H5GNSSfuncs.h"
H5GNSSRawObsType.h,#include "H5GNSSRawObsType.h"
HGConfigMgmt.hpp,#include "HGConfigMgmt.hpp"
HGWriteTemplate.hpp,#include "HGWriteTemplate.hpp"
MessagingFramework.hpp,#include "MessagingFramework.hpp"
Padme.hpp,#include "Padme.hpp"
Rx211.hpp,#include "Rx211.hpp"
Undertaker.hpp,#include "Undertaker.hpp"
